[{"cid":"3dmap","width":"825px","height":"422px","top":"17.80000114440918px","left":"326px"},{"cid":"bar","width":"646px","height":"500px","top":"287.6000061035156px","left":"3px"},{"cid":"pie","width":"322px","height":"270px","top":"16.399999618530273px","left":"3px"},{"cid":"line","width":"753px","height":"345px","top":"442.20001220703125px","left":"652px"},{"cid":"0dee9f72247a4487a41bb9783c4484e9","width":"412px","height":"213px","top":"-280px","left":"992px"},{"cid":"db17ddc050df426db26ba602d6158efa","width":"412px","height":"208px","top":"230.8000030517578px","left":"993px"}]