[{"cid":"3dmap","width":"886px","height":"415px","top":"31.80000114440918px","left":"286px"},{"cid":"bar","width":"691px","height":"337px","top":"447.6000061035156px","left":"-1px"},{"cid":"pie","width":"282px","height":"305px","top":"32.400001525878906px","left":"2px"},{"cid":"line","width":"749px","height":"336px","top":"448.20001220703125px","left":"691px"},{"cid":"dd2","width":"379px","height":"199px","top":"31px","left":"1060px"},{"cid":"dd3","width":"391px","height":"216px","top":"229.8000030517578px","left":"1048px"}]